name,source,gender,wikidata,type
Aargauerstrasse,wikidata,,Q11972,way
Agnesstrasse,wikidata,,Q394431,way
Albertstrasse,wikidata,,Q577011,way
Allmannstrasse,wikidata,,Q2649320,way
"Alte Gockhauserstrasse",wikidata,,Q22702178,way
"Am Hönggerberg",wikidata,,Q106684954,way
"Am Katzenbach",wikidata,,Q1670272,way
"Am Schanzengraben",wikidata,,Q2231045,way
"Am Wettingertobel",wikidata,,Q665389,way
Amazonenstrasse,wikidata,,Q134154,way
Amazonenweg,wikidata,,Q134154,way
Andreasstrasse,wikidata,,Q4926263,way
Angelikaweg,wikidata,,Q12898721,way
Apollostrasse,wikidata,,Q37340,way
Arianestrasse,wikidata,,Q131535,way
Arminstrasse,wikidata,,Q15715796,way
Augustinergasse,wikidata,,Q214528,way
Augustinerhof,wikidata,,Q214528,way
Aurorastrasse,wikidata,,Q178831,way
Bahnhofplatz,wikidata,,Q224494,way
Bahnhofstrasse,wikidata,,Q224494,way
Baslerstrasse,wikidata,,Q78,way
Bernerstrasse,wikidata,,Q70,way
"Bernerstrasse Nord",wikidata,,Q70,way
"Bernerstrasse Süd",wikidata,,Q70,way
Bernstrasse,wikidata,,Q70,way
Brown-Boveri-Strasse,wikidata,,Q664420,way
Calandastrasse,wikidata,,Q16529,way
Ceresstrasse,wikidata,,Q32102,way
Dennlerstrasse,wikidata,,Q111193376,way
Dianastrasse,wikidata,,Q645412,way
Drehergasse,wikidata,,Q196721,way
Dreikönigbrücke,wikidata,,Q111194269,way
Dreikönigstrasse,wikidata,,Q111194269,way
Elfenweg,wikidata,,Q174396,way
Elisabethenstrasse,wikidata,,Q17524931,relation
Ernastrasse,wikidata,,Q599668,way
Escher-Wyss-Platz,wikidata,,Q672038,way
FIFA-Strasse,wikidata,,Q253414,way
Felix-und-Regula-Platz,wikidata,,Q114723,way
Flüelastrasse,wikidata,,Q372467,way
Forchstrasse,wikidata,,Q357138,way
Freyastrasse,wikidata,,Q1647325,relation
Friedrichstrasse,wikidata,,Q14038597,way
Füsslistrasse,wikidata,,Q56293075,way
Genferstrasse,wikidata,,Q11917,way
Gerhardstrasse,wikidata,,Q7996169,way
Gotthardstrasse,wikidata,,Q688549,way
Hamamelisweg,wikidata,,Q148463,way
Helenastrasse,wikidata,,Q1035239,way
Heliosstrasse,wikidata,,Q134270,way
Hellmutstrasse,wikidata,,Q18755547,relation+way
Hildastrasse,wikidata,,Q2639538,way
Hottingerbergstrasse,wikidata,,Q693454,way
Hottingerplatz,wikidata,,Q693454,way
Hottingerstrasse,wikidata,,Q693454,way
Idaplatz,wikidata,,Q644599,way
Idastrasse,wikidata,,Q644599,way
Juliastrasse,wikidata,,Q2737173,way
Jupitersteig,wikidata,,Q4649,way
Jupiterstrasse,wikidata,,Q4649,way
Kalanderplatz,wikidata,,Q1365679,way
Klausstrasse,wikidata,,Q27229650,way
Kloster-Fahr-Weg,wikidata,,Q356555,way
Kräuelgasse,wikidata,,Q1494504,relation
Kyburgstrasse,wikidata,,Q573643,way
Libellenweg,wikidata,,Q25375,way
Limmatstrasse,wikidata,,Q14338,way
Limmattalstrasse,wikidata,,Q682541,way
Lunastrasse,wikidata,,Q1235172,way
MFO-Park,wikidata,,Q1906878,way
Magnusstrasse,wikidata,,Q18109457,relation+way
Malojaweg,wikidata,,Q664978,way
Maneggbrücke,wikidata,,Q691236,way
Maneggplatz,wikidata,,Q691236,way
Maneggpromenade,wikidata,,Q691236,way
Maneggstrasse,wikidata,,Q691236,way
Maneggweg,wikidata,,Q691236,way
Manesseplatz,wikidata,,Q1682412,way
Manessestrasse,wikidata,,Q1682412,way
Marsstrasse,wikidata,,Q112,way
Meientalstrasse,wikidata,,Q1917696,way
Merkurplatz,wikidata,,Q1150,way
Merkurstrasse,wikidata,,Q1150,way
Minervastrasse,wikidata,,Q126916,way
Mirabellenstrasse,wikidata,,Q149741,way
Monikastrasse,wikidata,,Q14013933,way
Mötteliweg,wikidata,,Q29343429,way
Mühlebachstrasse,wikidata,,Q693397,way
Neptunstrasse,wikidata,,Q3954,way
Neumünsterallee,wikidata,,Q1980945,way
Neumünsteranlage,wikidata,,Q1980945,way
Neumünsterstrasse,wikidata,,Q1980945,way
Rathausbrücke,wikidata,,Q9315546,way
Riesbachstrasse,wikidata,,Q677710,way
Rotachstrasse,wikidata,,Q2473618,way
Rüdigerstrasse,wikidata,,Q29001841,way
Salvatorstrasse,wikidata,,Q51625,way
Säntisstrasse,wikidata,,Q15224,way
Schächenstrasse,wikidata,,Q690565,way
Schaffhauserplatz,wikidata,,Q9009,way
Schmidgasse,wikidata,,Q1639825,way
Sechseläutenplatz,wikidata,,Q520500,relation
Segnesstrasse,wikidata,,Q16631,way
Sihlbrücke,wikidata,,Q660909,way
Sihlstrasse,wikidata,,Q660909,way
Sustenstrasse,wikidata,,Q666086,way
Sustenweg,wikidata,,Q666086,way
Tellstrasse,wikidata,,Q30908,relation
Thurgauerstrasse,wikidata,,Q12713,way
Uetliberghalde,wikidata,,Q16524,way
Uetlibergstrasse,wikidata,,Q16524,way
Uetlibergweg,wikidata,,Q16524,way
Universitätstrasse,wikidata,,Q9125,way
Uraniastrasse,wikidata,,Q104002,way
Venusstrasse,wikidata,,Q47652,way
Viktoriastrasse,wikidata,,Q308902,way
Viktoriaweg,wikidata,,Q308902,way
Weststrasse,wikidata,,Q679,way
"Weststrasse Wallisellen",wikidata,,Q679,way
Wilfriedstrasse,wikidata,,Q16291791,way
Wilhelmstrasse,wikidata,,Q11027623,way
Winterthurerstrasse,wikidata,,Q9125,way
Wipkingerpark,wikidata,,Q678030,way
Wipkingerplatz,wikidata,,Q678030,way
Wipkingerweg,wikidata,,Q678030,way
Wotanstrasse,wikidata,,Q43610,way
Zollikerstrasse,wikidata,,Q218665,way
Abeggweg,,,,way
Abendweg,,,,way
Ackermannstrasse,,,,way
Ackersteinstrasse,,,,way
Ackerstrasse,,,,way
"Adlisberg Trail",,,,way
Adlisbergbachweg,,,,way
Aegertenstrasse,,,,way
Aegertenweg,,,,way
Aehrenweg,,,,way
Aemmerliweg,,,,way
Aemtlerstrasse,,,,way
Affolternstrasse,,,,way
Agleistrasse,,,,way
Ahornstrasse,,,,way
Akazienstrasse,,,,way
"Albert Schumacher-Weg",,,,way
Albisgütliweg,,,,way
Albisriederplatz,,,,way
Albisriederstrasse,,,,relation+way
Albisriederweg,,,,way
Albisstrasse,,,,way
Albulastrasse,,,,way
Alderstrasse,,,,way
Alemannensteig,,,,way
Allenmoosstrasse,,,,way
Allenwiesliweg,,,,way
Allmendbrücke,,,,way
Allmendsteg,,,,way
Allmendstrasse,,,,way
Allmendtrail,,,,way
Allmendweg,,,,way
"Alte Feldeggstrasse",,,,way
"Alte Forchstrasse",,,,way
"Alte Kalchbühlstrasse",,,,way
"Alte Mühlackerstrasse",,,,way
"Alte Regensdorferstrasse",,,,way
"Alte Zürichstrasse",,,,way
Altenhofstrasse,,,,way
"Alter Kirchenweg",,,,way
"Alter Zürichweg",,,,way
Althoossteig,,,,way
Althoosstrasse,,,,way
Altstetterplatz,,,,way
Altstetterstrasse,,,,way
Altweg,,,,way
Altwiesenstrasse,,,,way
"Am Bach",,,,way
"Am Börtli",,,,way
"Am Giessen",,,,way
"Am Glattbogen",,,,way
"Am Guggenberg",,,,way
"Am Holbrig",,,,way
"Am Kohlendreieck",,,,way
"Am Luchsgraben",,,,way
"Am Oeschbrig",,,,way
"Am Rank",,,,way
"Am Sägertenbach",,,,way
"Am Suteracher",,,,way
"Am Wasser",,,,way
Ameisenweg,,,,way
Amselsteig,,,,way
"An der Specki",,,,way
Andreaspark,,,,way
Anemonenstrasse,,,,way
Ankengasse,,,,way
Ankenweid,,,,way
Ankerstrasse,,,,relation
Anwandstrasse,,,,relation
Apfelbaumstrasse,,,,way
Appenzellerstrasse,,,,way
Appenzellerweg,,,,way
Aprikosenstrasse,,,,way
Arbentalstrasse,,,,way
Arnikaweg,,,,way
Arosasteig,,,,way
Arosastrasse,,,,way
Arvenweg,,,,way
Aspholzstrasse,,,,way
Aspweg,,,,way
Asternweg,,,,way
Asylstrasse,,,,way
Atrium,,,,way
Aubrigstrasse,,,,way
Aubruggstrasse,,,,way
Aubruggweg,,,,way
"Auf der Egg",,,,way
"Auf der Mauer",,,,way
Auhofstrasse,,,,way
Ausserdorfstrasse,,,,way
Ausstellungsstrasse,,,,way
Austrasse,,,,way
Auwiesenstrasse,,,,way
Auwiesenweg,,,,way
Auzelg,,,,way
Azurstrasse,,,,way
Baalweg,,,,way
Bächlerstrasse,,,,way
Bachmattstrasse,,,,way
Bachmattweg,,,,way
Bachstrasse,,,,way
Bachtelweg,,,,way
Bachtobelstrasse,,,,way
Bachtobelweg,,,,way
Bachwiesenstrasse,,,,way
Bachwiesenweg,,,,way
Bäckeranlage,,,,way
Bäckerstrasse,,,,relation
Badenerstrasse,,,,relation+way
Badergasse,,,,way
Badstrasse,,,,way
Badweg,,,,way
Bahnhaldenstrasse,,,,way
Bahnhofbrücke,,,,way
Bahnhofpassage,,,,relation
Bahnhofquai,,,,way
Bahnweg,,,,way
Balderngasse,,,,way
Balgriststrasse,,,,way
Balgristweg,,,,way
Ballonstrasse,,,,way
Bändlistrasse,,,,way
Bändliweg,,,,way
Bannholzstrasse,,,,way
Bannholzweg,,,,way
Banzwiesenstrasse,,,,way
Bärenbohlstrasse,,,,way
Bärenbrüggli,,,,way
Bärengasse,,,,way
Baschligplatz,,,,way
Basteigasse,,,,way
Basteiplatz,,,,way
Batteriesteig,,,,way
Batteriestrasse,,,,way
Bauhallengasse,,,,relation
Bäulisteig,,,,way
Bäulistrasse,,,,way
Baumackerstrasse,,,,way
Baumgasse,,,,way
Baumhaldenstrasse,,,,way
Baumschulweg,,,,way
Beatengasse,,,,way
Beatenplatz,,,,way
Beckenhof,,,,way
Beckenhofstrasse,,,,way
Beckhammer,,,,way
Bederstrasse,,,,way
Beerirain,,,,way
Begonienstrasse,,,,way
Bellariarain,,,,way
Bellariastrasse,,,,way
Bellerivestrasse,,,,way
Bellevueplatz,,,,relation
Bellikersteig,,,,way
Belsitostrasse,,,,way
Belvoirpark,,,,way
Bergacker,,,,way
Bergellersteig,,,,way
Bergellerstrasse,,,,way
Berghaldenstrasse,,,,way
Bergheimstrasse,,,,way
Bergholzweg,,,,way
Bergliweg,,,,way
Bergstrasse,,,,way
Bergweg,,,,way
Bergwiesen,,,,way
Berneggweg,,,,way
Berninaplatz,,,,way
Berninastrasse,,,,way
Besenrainstrasse,,,,way
Besenrainweg,,,,way
Biberlinsburgweg,,,,way
Biberlinstrasse,,,,way
Biberlinweg,,,,way
Bibliothekshof,,,,way
Bienenstrasse,,,,way
Binzallee,,,,way
Binzmühlestrasse,,,,way
Binzring,,,,way
Binzstrasse,,,,way
Binzwiesenstrasse,,,,way
Birchdörfli,,,,way
Birchsteg,,,,way
Birchstrasse,,,,way
Birkenweg,,,,way
Birmensdorferstrasse,,,,way
Birnbaumstrasse,,,,way
Bläsistrasse,,,,way
Blatterwiese,,,,way
Blauäcker,,,,way
Blaufahnenstrasse,,,,way
Blaumeisliweg,,,,way
Bleicherweg,,,,way
Blindschleichenweg,,,,way
Blockhauswegli,,,,way
Blumenbogen,,,,way
Blumenfeldstrasse,,,,way
Blumenweg,,,,way
Blümlisalpstrasse,,,,way
Blütenstrasse,,,,way
Bockhornstrasse,,,,way
Bocklerstrasse,,,,way
Bodenacker,,,,way
Bogenweg,,,,way
Bombachhalde,,,,way
Bombachsteig,,,,way
Bombachstrasse,,,,way
Borrweg,,,,way
Börsenstrasse,,,,way
Böszelgstrasse,,,,way
Brandbachweg,,,,way
Brandholzstrasse,,,,way
Brandschenkesteig,,,,way
Brandschenkestrasse,,,,way
Brandweg,,,,way
Brauerstrasse,,,,relation
Breitenackerstrasse,,,,way
Breitenlooweg,,,,way
Breitensteinstrasse,,,,way
Breitlooweg,,,,way
Breitweg,,,,way
Bremgartnerstrasse,,,,way
Bristenstrasse,,,,way
Brombeeriweg,,,,way
Brotgasse,,,,way
Bruchstrasse,,,,way
Brüderhofweg,,,,way
Bruderholzweg,,,,way
Bruderwies,,,,way
Bruderwiesweg,,,,way
Brüelbachweg,,,,way
Brugghölzliweg,,,,way
Brüggliäcker,,,,way
Brühlbachweg,,,,way
Brühlweg,,,,way
Brunaubrücke,,,,way
Brunaustrasse,,,,way
Bruneggweg,,,,way
Brunnackerweg,,,,way
Brünneliacker,,,,way
Brünneliweg,,,,way
Brunnenhofstrasse,,,,way
Brunnenhofweg,,,,way
Brunngasse,,,,way
Brunnwiesenstrasse,,,,way
Brüttenweg,,,,way
Bucheggplatz,,,,way
Bucheggstrasse,,,,way
Buchenbaumweg,,,,way
Buchenrainstrasse,,,,way
Buchenrainweg,,,,way
Buchensteig,,,,way
Buchenweg,,,,way
Buchfinkenstrasse,,,,way
Buchhölzlistrasse,,,,way
Buchhölzliweg,,,,way
Buchholzrain,,,,way
Buchholzstrasse,,,,way
Buchlernstrasse,,,,way
Buchmattweg,,,,way
Buchrainstrasse,,,,way
Buchwiesen,,,,way
Buchwiesenweg,,,,way
Buchzelgstrasse,,,,way
Buchzelgweg,,,,way
Buckhauserstrasse,,,,way
Bühleggweg,,,,way
Bühlholzweg,,,,way
Bühlstrasse,,,,way
Bühlwiesenstrasse,,,,way
Buhnrain,,,,way
Buhnstrasse,,,,way
Bülachhof,,,,way
Bülachstrasse,,,,way
Bungertweg,,,,way
Burenweg,,,,way
Burgdorferweg,,,,way
Bürglistrasse,,,,way
Burgsteig,,,,way
Burgstrasse,,,,way
Burgweg,,,,way
Burstwiesenstrasse,,,,way
Buschbergsteig,,,,way
Buschbergstrasse,,,,way
Büsiseeweg,,,,way
Büttenweg,,,,way
Butzenstrasse,,,,way
Campanellaweg,,,,way
Carmenstrasse,,,,way
Cassiopeiasteg,,,,way
Central,,,,way
Chaletweg,,,,way
Chämmetenweg,,,,way
Chätsch-Weg,,,,way
Chelleweg,,,,way
Chillesteig,,,,way
"Chinagarten Zürich",,,,way
Chinawiese,,,,way
Chorgasse,,,,way
Chorherrenweg,,,,way
Chriesiweg,,,,way
Chüpliweg,,,,way
Chutzenstrasse,,,,way
Claridenstrasse,,,,way
Cyklamenweg,,,,way
Dachslernstrasse,,,,way
Dachslernweg,,,,way
Dachsschleife,,,,way
Dahliastrasse,,,,way
Damhirschweg,,,,way
Dammsteg,,,,way
Dammstrasse,,,,way
Dammweg,,,,way
Dangelstrasse,,,,way
Dangelweg,,,,way
Degenriedstrasse,,,,way
Delphinstrasse,,,,way
Depotweg,,,,way
Diabasweg,,,,way
Dialogweg,,,,way
Dienerhölzliweg,,,,way
Diggelmannstrasse,,,,way
Distelweg,,,,way
Dohlenweg,,,,way
Dolderstrasse,,,,way
Doldertal,,,,way
Döltschihalde,,,,way
Döltschiweg,,,,way
Dorfbachweg,,,,way
Dorflindenstrasse,,,,way
Dörflistrasse,,,,way
Dorfstrasse,,,,way
Drahtschmidlisteg,,,,way
Drahtschmidlisteig,,,,way
Drahtzugsteig,,,,way
Drahtzugstrasse,,,,way
Dreispitz,,,,way
Dreiwiesenstrasse,,,,way
Drosselstrasse,,,,way
Drusbergstrasse,,,,way
Dübendorfstrasse,,,,way
Dunkelhölzlifussweg,,,,way
Dunkelhölzlistrasse,,,,way
Dunkelhölzliweg,,,,way
"Durchgang In Gassen",,,,way
Edelweissstrasse,,,,way
Edenstrasse,,,,way
Eggbühlstrasse,,,,way
Egglenweg,,,,way
Eggpromenade,,,,way
Eggweg,,,,way
Eibenstrasse,,,,way
Eichacker,,,,way
Eichbühlstrasse,,,,way
Eichenweg,,,,way
Eichhalde,,,,way
Eichhaldenweg,,,,way
Eichholzweg,,,,way
Eichhörnliweg,,,,way
Eichrainstrasse,,,,way
Eichstrasse,,,,way
Eidechsenweg,,,,way
Eidmattstrasse,,,,way
Eierbrechtstrasse,,,,way
Eigenheimstrasse,,,,way
Eigenstrasse,,,,way
Eigenwasenstrasse,,,,way
Einfangstrasse,,,,way
Eisenbahnerstrasse,,,,way
Eisengasse,,,,way
Eisfeldstrasse,,,,way
Eisgasse,,,,relation+way
Eisvogelweg,,,,way
Elefantenweg,,,,way
Elsässergasse,,,,way
Engadinerweg,,,,way
Engimattstrasse,,,,way
Englischviertelstrasse,,,,way
Engstringerweg,,,,way
Engweg,,,,way
Entlisbergbrücke,,,,way
Entlisbergkopf,,,,way
Entlisbergstrasse,,,,way
Entlisbergweg,,,,way
Enzenbühlstrasse,,,,relation+way
Enzenried,,,,way
Enzianweg,,,,way
Erchenbühlstrasse,,,,way
Erchenbühlweg,,,,way
Erdbrustweg,,,,way
"Erlebnissteg Limmatauen Werdhölzli",,,,way
Erlenstrasse,,,,way
Erlenweg,,,,way
Erligatterweg,,,,way
"Ernst Greutmann-Weg",,,,way
Eschenhaustrasse,,,,way
Eschenholzweg,,,,way
Eschenweg,,,,way
Eschergutweg,,,,way
Eschwiesenstrasse,,,,way
Espenhofweg,,,,way
Ettenfeldstrasse,,,,way
Etzelsteig,,,,way
Etzelstrasse,,,,way
Etzelweg,,,,way
Eulenweg,,,,way
Europaallee,,,,way
"Europaallee Passage",,,,way
Europabrücke,,,,way
Europaplatz,,,,way
Eyhof,,,,way
FKK-Bereich,,,,way
Fabrikstrasse,,,,way
Falkenstrasse,,,,way
Falkenweg,,,,way
"Fallätsche Direttissima Mitte Nord",,,,way
"Fallätsche Direttissima Mitte Süd",,,,way
"Fallätsche Direttissima Nord",,,,way
"Fallätsche Direttissima Süd",,,,way
"Fallätsche Traverse",,,,way
Färberstrasse,,,,way
Farbhofstrasse,,,,way
Farbhofweg,,,,way
Farenweg,,,,way
Federnstrasse,,,,way
Fehrenstrasse,,,,way
Feilengasse,,,,way
Feldblumenstrasse,,,,way
Feldblumenweg,,,,way
Feldeggstrasse,,,,way
Feldenmoosstrasse,,,,way
Feldgütliweg,,,,relation
Feldstrasse,,,,relation
Felsberg,,,,way
Felsenkellerweg,,,,way
Felsenrainstrasse,,,,way
Felsenrainweg,,,,way
Felsenstrasse,,,,way
Fernsehstrasse,,,,way
Feuersalamanderweg,,,,way
Feuerweg,,,,way
Feuerwehrzufahrt,,,,way
Feusisbergli,,,,way
Fichtenstrasse,,,,way
"Findlingsgarten Kappenbühl",,,,way
Finkenrain,,,,way
"Finnenbahn Albisgüetli",,,,way
"Finnenbahn Allmend Fluntern",,,,way
"Finnenbahn Altstetterwald",,,,way
"Finnenbahn Buhn",,,,way
"Finnenbahn Witikon",,,,way
Finslerstrasse,,,,way
Fischerweg,,,,way
Fliederstrasse,,,,way
Florastrasse,,,,way
Florhofgasse,,,,way
Flössergasse,,,,way
Flühgasse,,,,way
Flurstrasse,,,,way
Föhreneggweg,,,,way
Föhrenstrasse,,,,way
Forellenweg,,,,way
Forrenweidstrasse,,,,way
Förrlibuckstrasse,,,,way
Forstersteig,,,,way
Forsterstrasse,,,,way
Forsthausstrasse,,,,way
Forsthausweg,,,,way
Fortunagasse,,,,way
Frankengasse,,,,way
Frankentalerstrasse,,,,way
Frankentalerweg,,,,way
Franzosenweg,,,,way
Frauenbrünnelistrasse,,,,way
Frauenklinikstrasse,,,,way
Frauentalweg,,,,way
Fraumünsterstrasse,,,,way
Frechenmätteliweg,,,,way
"Freibad Dolder",,,,way
Freieckgasse,,,,way
Freiensteinstrasse,,,,way
Freiestrasse,,,,way
Freigutstrasse,,,,way
Freihofstrasse,,,,way
Freilagerplatz,,,,way
Freilagerstrasse,,,,relation+way
Freilagerweg,,,,way
Freischützgasse,,,,relation+way
Freudenbergstrasse,,,,way
Freudwilerweg,,,,way
Friedackerstrasse,,,,way
Friedaustrasse,,,,way
Friedensgasse,,,,way
Friedheimstrasse,,,,way
Friedhofstrasse,,,,way
Friesenberghalde,,,,way
Friesenbergplatz,,,,way
Friesenbergstrasse,,,,way
Friesenburgweg,,,,way
Fritschiwiese,,,,way
Frohalpstrasse,,,,way
Frohbühlstrasse,,,,way
Frohburgstrasse,,,,way
Fronwaldstrasse,,,,way
Fronwaldweg,,,,way
Frymannstrasse,,,,way
Fuchsiastrasse,,,,way
Fuchspass,,,,way
Funkackerstrasse,,,,way
Funkwiesenstrasse,,,,way
Furkastrasse,,,,relation
Fürstweg,,,,way
Furttalstrasse,,,,way
"Fussgänger-Tunnel Ost",,,,way
"Fussgänger-Tunnel West",,,,way
"GZ Buchegg",,,,way
Gablerstrasse,,,,way
Gämsenstrasse,,,,way
Gänziloobrücke,,,,way
Gänzilooweg,,,,way
"Garten der Kunst",,,,way
Gartenhofstrasse,,,,relation+way
Gartenstrasse,,,,way
Gartenweg,,,,way
Gasometerstrasse,,,,way
Gässli,,,,way
Gasstrasse,,,,way
Geerenweg,,,,way
Geeringsteig,,,,way
Geeringstrasse,,,,way
Geerlibuchweg,,,,way
Gehrenholz,,,,way
Gehrenholzstrasse,,,,way
Geigergasse,,,,way
Geissbergstrasse,,,,way
Geissbergweg,,,,way
Gemeindestrasse,,,,way
Genossenschaftsstrasse,,,,way
"Georg Büchner Platz",,,,way
Geranienstrasse,,,,way
Gerbergasse,,,,way
Gerechtigkeitsgasse,,,,way
Germaniastrasse,,,,way
Geroldrampe,,,,way
Geroldstrasse,,,,way
Gerstenstrasse,,,,way
Gfellstrasse,,,,way
Giblenstrasse,,,,way
Giblenweg,,,,way
Giebeleich,,,,way
Giessereistrasse,,,,relation
Giesshübelstrasse,,,,way
Gimpelweg,,,,way
Ginsterstrasse,,,,way
Ginsterweg,,,,way
Girhaldenstrasse,,,,way
Girhaldenweg,,,,way
Gladiolenweg,,,,way
Glärnischstrasse,,,,way
Glattalstrasse,,,,way
Glättlistrasse,,,,way
Glattparkstrasse,,,,way
Glattstegweg,,,,way
Glatttalstrasse,,,,way
Glattweg,,,,way
Glattwiesenstrasse,,,,way
Glaubtensteig,,,,way
Glaubtenstrasse,,,,way
Gleisbogen,,,,way
Gletscherstrasse,,,,way
Glimmerweg,,,,way
Glockengasse,,,,way
Gloriasteig,,,,way
Gloriastrasse,,,,way
Gmeimeriweg,,,,way
Goldackerweg,,,,way
Goldauerstrasse,,,,way
Goldbrunnenplatz,,,,way
Goldbrunnenstrasse,,,,way
Goldregenweg,,,,way
Gorwiden,,,,way
Grabenweg,,,,way
Grabenwies,,,,way
Gräbligasse,,,,way
Granitweg,,,,way
Gratstrasse,,,,relation+way
Gratweg,,,,way
"Graue Gasse",,,,way
Grebelackerstrasse,,,,way
Greblerweg,,,,way
Greifenseestrasse,,,,way
Grenzsporn,,,,way
Grenzsteig,,,,way
Grenzwiesweg,,,,way
Gretenweg,,,,way
Griesernweg,,,,way
Grimselstrasse,,,,relation
Grossackerstrasse,,,,way
Grossalbis,,,,way
Grossmannstrasse,,,,way
Grossmünsterplatz,,,,way
Grossrieglenweg,,,,way
Grosswiesenstrasse,,,,way
Grubenackerstrasse,,,,way
Grubenstrasse,,,,way
Grünauring,,,,way
Grünaustrasse,,,,way
Grundstrasse,,,,way
Grüngasse,,,,way
Grünhaldenstrasse,,,,way
Grünmattstrasse,,,,way
Grünwaldstrasse,,,,way
Grünwaldweg,,,,way
Grütholzstrasse,,,,way
Grütlistrasse,,,,way
Grütstrasse,,,,way
Gstalderweg,,,,way
Gsteigstrasse,,,,way
Gubelhangstrasse,,,,way
Gubelplatz,,,,way
Gubelstrasse,,,,way
Gubristweg,,,,way
Güetliweg,,,,way
Guggachstrasse,,,,way
Guggerweg,,,,way
Gugolzstrasse,,,,way
Guldinerweg,,,,way
Gustav-Ammann-Park,,,,way
Güterstrasse,,,,way
Guthirtstrasse,,,,way
Gutstrasse,,,,way
Gwandensteig,,,,way
Habsburgstrasse,,,,way
Häderlihof,,,,way
Hädrichstrasse,,,,way
Hagenbrünnstrasse,,,,way
Hagenbuchrain,,,,way
Hagenholzstrasse,,,,way
Hagwiesenweg,,,,way
Hainerweg,,,,way
Häldeliweg,,,,way
Haldenbachplatz,,,,way
Haldenbachstrasse,,,,way
Haldeneggsteig,,,,way
Haldenstrasse,,,,way
"Halle Landesmuseum",,,,relation
"Halle Sihlpost",,,,relation
Hallenstrasse,,,,way
Hallerweg,,,,way
Hammersteig,,,,way
Hammerstrasse,,,,way
Hanenbühlweg,,,,way
Hanfrose,,,,way
Hangelstrasse,,,,way
"Hans Beutler-Weg",,,,way
Hardaupark,,,,way
Hardaustrasse,,,,way
Hardauweg,,,,way
Hardbrücke,,,,way
Hardeggsteg,,,,way
Hardeggstrasse,,,,way
Hardeggweg,,,,way
Hardgutstrasse,,,,way
Hardhof,,,,way
Hardplatz,,,,way
Hardstrasse,,,,way
Hardturmrampe,,,,way
Hardturmsteg,,,,way
Hardturmstrasse,,,,way
Hardturmweg,,,,way
Häringsplatz,,,,way
Häringstrasse,,,,way
Hartplatz,,,,way
Haselholzweg,,,,way
Haselmausweg,,,,way
Haselweg,,,,way
Hasenrain,,,,way
Haspelstrasse,,,,way
Hätzlergasse,,,,way
Hauerweg,,,,way
Hauhölzli,,,,way
Hauhölzliweg,,,,way
Haumesserstrasse,,,,way
Hausäcker,,,,way
Hauswiesenstrasse,,,,way
"Havas Platz 1",,,,way
"Havas Platz 2",,,,way
Hechtplatz,,,,way
Hedwigstrasse,,,,way
Heerenschürlistrasse,,,,way
Heerenwiesen,,,,way
Hegenmatt,,,,way
Hegianwandweg,,,,way
Hegibachplatz,,,,way
Hegibachstrasse,,,,way
Hegnauweg,,,,way
Heidegraben,,,,way
Heidwiesen,,,,way
Heiligfeld,,,,way
Heilighüsli,,,,way
Heimatstrasse,,,,way
Heizenholz,,,,way
Hellrainweg,,,,way
Helvetiaplatz,,,,way
Herbstweg,,,,way
Herdernstrasse,,,,way
Hermetschloobrücke,,,,way
Hermetschloostrasse,,,,way
Herostrasse,,,,way
Herrenbergstrasse,,,,way
Herrligstrasse,,,,way
Herrligweg,,,,way
Herzogenmühlestrasse,,,,way
Hesenlooweg,,,,way
Hessenweidweg,,,,way
Heubeeriweg,,,,way
Heuelsteig,,,,way
Heuelstrasse,,,,way
Heugabelweg,,,,way
Heuweg,,,,way
Himmelsleiterli,,,,way
Himmeristrasse,,,,way
Himmeriweg,,,,way
Hinterbergstrasse,,,,way
Hintereggweg,,,,way
Hinterhagenweg,,,,way
Hirschengasse,,,,way
Hirschengraben,,,,way
Hirschenplatz,,,,way
Hirschgartnerweg,,,,way
Hirschwiesenstrasse,,,,way
Hirschwiesentunnel,,,,way
Hirslanderbergstrasse,,,,way
Hirslandersteig,,,,way
Hirslanderstrasse,,,,way
Hirtenweg,,,,way
Hirzenbachstrasse,,,,way
Hirzenbachweg,,,,way
Hochfarbstrasse,,,,way
Hochstrasse,,,,way
Höcklerbrücke,,,,way
Höcklerstrasse,,,,way
"Höcklertrail 1/4",,,,way
"Höcklertrail 2/4",,,,way
"Höcklertrail 3/4",,,,way
"Höcklertrail 4/4",,,,way
"Höcklertrail Zulaufstrecke",,,,way
Höcklerweg,,,,way
Hofackerstrasse,,,,way
Hoffeld,,,,way
Hoffnungsstrasse,,,,way
Hoffnungsweg,,,,way
Hofhölzliweg,,,,way
Höfliweg,,,,way
Hofstrasse,,,,way
Hofwiesenstrasse,,,,way
"Hohe Promenade",,,,way
Hohenbühlstrasse,,,,way
Hohenklingenallee,,,,way
Hohenklingensteig,,,,way
Hohenklingenstrasse,,,,way
Höhenring,,,,way
Höhensteig,,,,way
Hohensteinstrasse,,,,relation
Hohensteinweg,,,,relation
Höhenweg,,,,way
Hohlstrasse,,,,relation+way
Hohmoos,,,,way
Holbrigstrasse,,,,way
Holderbachweg,,,,way
Holunderweg,,,,way
Holzgasse,,,,way
Holzhofweg,,,,way
Holzmatt,,,,way
Holzwiesweg,,,,relation
"Home Office Trail",,,,way
Hönggerbergring,,,,way
Hönggerrampe,,,,way
Hönggerstrasse,,,,way
Hönggerwehr,,,,way
Honigstrasse,,,,way
Honrainweg,,,,way
Hopfenstrasse,,,,way
Horensteinstrasse,,,,way
Horgenweg,,,,way
Hornbachstrasse,,,,way
Horneggstrasse,,,,way
Hörnlistrasse,,,,way
Hortensienstrasse,,,,way
Höschgasse,,,,way
Hubeggstrasse,,,,way
Hubenstrasse,,,,way
Huberholzweg,,,,way
Huberwiesenstrasse,,,,way
Huebweg,,,,way
Hufgasse,,,,way
Hügelstrasse,,,,way
Hundeversäuberungsplatz,,,,way
Hungerbergstrasse,,,,way
Hungerinsel,,,,way
Hunzikerplatz,,,,way
Hurdäckerstrasse,,,,way
Hurdäckerweg,,,,way
Hürlimannplatz,,,,way
Hürstholzstrasse,,,,way
Hürstholzweg,,,,way
Hürstringstrasse,,,,way
Hürststrasse,,,,way
Hüsli-Sporn,,,,way
Hüsli-Trail,,,,way
Hüslibachstrasse,,,,way
Hüttenkopfstrasse,,,,way
Hüttenrainstrasse,,,,way
Ilanzhofweg,,,,way
Ilgenstrasse,,,,way
"Im Altried",,,,way
"Im Bergdörfli",,,,way
"Im Birkenhof",,,,way
"Im Brächli",,,,way
"Im Ebnet",,,,way
"Im Eisernen Zeit",,,,way
"Im Glockenacker",,,,way
"Im Grund",,,,way
"Im Hagacker",,,,way
"Im Hagenbrünneli",,,,way
"Im Hau",,,,way
"Im Hegi",,,,way
"Im Heimgärtli",,,,way
"Im Herrenhölzli",,,,way
"Im Heuried",,,,way
"Im Hofgarten",,,,way
"Im Holzerhurd",,,,way
"Im Hummel",,,,way
"Im Isengrind",,,,way
"Im Jungen Berg",,,,way
"Im Klösterli",,,,way
"Im Kratz",,,,way
"Im Laubegg",,,,way
"Im Maas",,,,way
"Im Mittelleimbach",,,,way
"Im Raindörfli",,,,way
"Im Rehsprung",,,,way
"Im Rossweidli",,,,way
"Im Sack",,,,way
"Im Sankt Blasienhof",,,,way
"Im Schaber",,,,way
"Im Schellenberg",,,,way
"Im Schilf",,,,way
"Im Schlattbrünneli",,,,way
"Im Stadtgraben",,,,way
"Im Stelzenacker",,,,way
"Im Sträler",,,,way
"Im Struppen",,,,way
"Im Stückler",,,,way
"Im Sydefädeli",,,,way
"Im Tannegg",,,,way
"Im Tiergarten",,,,way
"Im Trichtisal",,,,way
"Im Trumeter",,,,way
"Im Waidegg",,,,way
"Im Walder",,,,way
"Im Wiesenbeetli",,,,way
"Im Wingert",,,,way
"Im Wyl",,,,way
"Im alten Brunnen",,,,way
"Im oberen Boden",,,,way
Imbisbühlhalde,,,,way
Imbisbühlsteig,,,,way
Imbisbühlstrasse,,,,way
Imbisbühlweg,,,,way
Immenweg,,,,way
"In Böden",,,,way
"In Büngerten",,,,way
"In Gassen",,,,way
"In den Rütenen",,,,way
"In der Breiti",,,,way
"In der Ey",,,,way
"In der Guldenen",,,,way
"In der Hub",,,,way
"In der Looren",,,,way
"In der Müseren",,,,way
"In der Schüpf",,,,way
"In der Sommerau",,,,way
"In der Wässeri",,,,way
Inselhofstrasse,,,,way
Irchelpark,,,,way
Irchelstrasse,,,,way
Irisstrasse,,,,way
Jägergasse,,,,way
Jakob-Wegmann-Weg,,,,way
Jasminweg,,,,way
Johannastrasse,,,,way
Jucheggstrasse,,,,way
Juchstrasse,,,,way
Jungholzhof,,,,way
Jungholzstrasse,,,,way
Jungholzweg,,,,way
Jungstrasse,,,,way
Käferholzstrasse,,,,way
Kalandergasse,,,,way
Kalchbühlstrasse,,,,way
Kalchbühlweg,,,,way
Kalchtarenweg,,,,way
Kalkbreitestrasse,,,,relation+way
Kämbelgasse,,,,way
Kanalstrasse,,,,way
Kanonengasse,,,,relation
Kantonsschulstrasse,,,,way
Känzelistrasse,,,,way
Känzeliweg,,,,way
Kanzleistrasse,,,,relation+way
Kapfsteig,,,,way
Kapfstrasse,,,,way
Kappelergasse,,,,way
Kappelerhof,,,,way
Kappeliholzstrasse,,,,way
Kappelistrasse,,,,way
Kappenbühlstrasse,,,,way
Kappenbühlweg,,,,way
"Karl Ochsner-Platz",,,,relation
Karlstrasse,,,,way
Karstlernstrasse,,,,way
Kartausstrasse,,,,way
Kartoffelmarkt,,,,way
Kasernenstrasse,,,,relation+way
Kasernenwiese,,,,way
Käshaldenstrasse,,,,way
Käshaldenweg,,,,way
Kasinostrasse,,,,way
Katzenbachstrasse,,,,way
Katzenbachweg,,,,way
Katzenrütifussweg,,,,way
Katzenschwanzstrasse,,,,way
Katzenschwanzweg,,,,way
Katzenseestrasse,,,,way
Katzenseetunnel,,,,way
Katzentischstrasse,,,,way
Kehlhofstrasse,,,,way
Kelchweg,,,,way
Keltenstrasse,,,,way
Kempfhofsteig,,,,way
Kempfhofweg,,,,way
Kettberg,,,,way
Kiefernweg,,,,way
Kienastenwiesweg,,,,way
Kieselgasse,,,,way
Kilchbergsteig,,,,way
Kilchbergstrasse,,,,way
Kirchbühlweg,,,,way
Kirchenackerweg,,,,way
Kirchenfeld,,,,way
Kirchenfeldweg,,,,way
Kirchenweg,,,,way
Kirchgasse,,,,way
Kirchweg,,,,way
Klarastrasse,,,,way
Klebestrasse,,,,way
Klebeweg,,,,way
Kleeweidstrasse,,,,way
Kleinalbis,,,,way
Kleinbühlstrasse,,,,way
Kleinhölzliweg,,,,way
Kleinstrasse,,,,way
Klingenpark,,,,way
Klingenstrasse,,,,way
Klosbachstrasse,,,,way
Klosterfeldweg,,,,way
Klosterholzweg,,,,way
Klosterweg,,,,way
Klusdörfli,,,,way
Kluseggstrasse,,,,way
Kluspark,,,,way
Klusplatz,,,,way
Klusstrasse,,,,way
Klusweg,,,,way
Kohlenplatzwegli,,,,way
Köhlerstrasse,,,,way
Kolbenacker,,,,way
Kolbenhofereggstrasse,,,,way
Kolbenhofstrasse,,,,way
Kolibriweg,,,,way
Kollerwiese,,,,way
Kolonistenweg,,,,way
Köngengasse,,,,way
Konkordiastrasse,,,,way
Kopfweidenplatz,,,,way
Kopfweidenweg,,,,way
Kornamtsweg,,,,way
Korneliusstrasse,,,,way
Kornhausbrücke,,,,way
Kornhausstrasse,,,,way
Kosakenweg,,,,way
Kraftstrasse,,,,way
Krähbühlsteig,,,,way
Krähbühlstrasse,,,,way
Krähbühlweg,,,,way
Kranzweg,,,,way
Krattenturmstrasse,,,,way
Krautgartengasse,,,,way
Krebsgasse,,,,way
Kreuzbühlstrasse,,,,way
Kreuzplatz,,,,relation+way
Kreuzstrasse,,,,way
Kreuzwiesen,,,,way
Kripfstrasse,,,,way
Krokusweg,,,,way
Kronenstrasse,,,,way
Kronwiesenstrasse,,,,way
Kronwiesenweg,,,,way
Kruggasse,,,,way
Krummweg,,,,way
Kugelfangweg,,,,way
Kügeliloostrasse,,,,way
Kühgasse,,,,way
Kühriedweg,,,,way
Kühweidweg,,,,way
Küngenmatt,,,,way
Künstlergasse,,,,way
Kürbergsteig,,,,way
Kürbergstrasse,,,,way
Kürbergweg,,,,way
Kürbsensteig,,,,way
Kurfirstensteig,,,,way
Kurfirstenstrasse,,,,way
Kurhausstrasse,,,,way
Kurvenstrasse,,,,way
Kurzgasse,,,,relation
Kuttelgasse,,,,way
L'Ascensore,,,,way
Lachenacker,,,,way
Lachenzelgstrasse,,,,way
Lägernstrasse,,,,way
Lagerstrasse,,,,relation
Landenbergpark,,,,way
Landenbergstrasse,,,,way
Landhusweg,,,,way
Landiwiese,,,,way
Langackerstrasse,,,,way
Langensteinenstrasse,,,,way
Langfachweg,,,,way
Langfurren,,,,way
Langgrütstrasse,,,,way
Langgrütweg,,,,way
Langhagweg,,,,way
Langmattweg,,,,way
Langmauerstrasse,,,,way
Langstrasse,,,,relation+way
Langweid,,,,way
Langwiesstrasse,,,,way
Lärchenweg,,,,way
Laternengasse,,,,way
Lättenweg,,,,way
Laubfroschweg,,,,way
Laubiweg,,,,way
"Laufbahn Turner Rösli",,,,way
Läufebachweg,,,,way
Läufeweg,,,,way
Laurenzgasse,,,,way
Lavendelweg,,,,way
Lebristweg,,,,way
Leebernweg,,,,way
Lehensteig,,,,way
Lehenstrasse,,,,way
Lehfrauenweg,,,,way
Lehmgrubenweg,,,,way
Leimbachsteg,,,,way
Leimbachstrasse,,,,way
Leimbachweg,,,,way
Leimgasse,,,,way
Leimgrübelstrasse,,,,way
Leiter,,,,way
Leiterli-Trail,,,,way
Lenggfussweg,,,,way
Lengghalde,,,,way
Lenggstrasse,,,,way
Leonhardshalde,,,,way
Leonhardsteig,,,,way
Leonhardstrasse,,,,way
Leonhardstreppe,,,,way
Lerchenberg,,,,way
Lerchenhalde,,,,way
Lerchenrain,,,,way
Lerchenstrasse,,,,way
Lerchenweg,,,,way
Lettenfussweg,,,,way
Lettenholzstrasse,,,,way
Lettensteg,,,,way
Lettenstrasse,,,,way
Lettenviadukt,,,,way
Letzigraben,,,,way
Letzistrasse,,,,way
Letziweg,,,,way
Leuengasse,,,,way
Leuenplatz,,,,way
Leutschenbachstrasse,,,,way
Leutschenpark,,,,way
Lichtstrasse,,,,way
Liebensteinstrasse,,,,way
Liebiseggweg,,,,way
Liebwiesweg,,,,way
Ligusterstrasse,,,,way
Lilienstrasse,,,,way
Limmatplatz,,,,relation+way
Limmatquai,,,,way
Lindenbachstrasse,,,,way
Lindenhof,,,,way
Lindenhofstrasse,,,,way
Lindenplatz,,,,relation
Lindenstrasse,,,,way
Lindenweg,,,,way
Lindenzelgweg,,,,way
Linderweg,,,,way
Lochbrunnenweg,,,,way
Lochenweg,,,,way
Lochmannstrasse,,,,way
Lommisweg,,,,way
Loogartenstrasse,,,,way
Loorenbachweg,,,,way
Loorengutweg,,,,way
Loorenhalde,,,,way
Loorenkopfstrasse,,,,way
Loorenkopfweg,,,,way
Loorenrain,,,,way
Loorenrank,,,,way
Loorenstrasse,,,,way
Loorentorweg,,,,way
Löwenplatz,,,,way
Löwensteg,,,,way
Löwenstrasse,,,,way
Luchsweg,,,,way
Luchswiesenstrasse,,,,way
Luchswiesenweg,,,,way
Luckenholzweg,,,,way
Luegete,,,,way
Luegislandstrasse,,,,way
Luggwegstrasse,,,,way
Luisenstrasse,,,,way
Lupinenweg,,,,way
Lureiweg,,,,way
Lybensteinweg,,,,way
Lyrenweg,,,,way
Maagplatz,,,,relation
Magdalenenstrasse,,,,way
Magnolienstrasse,,,,way
Maienburgweg,,,,way
Maienstrasse,,,,way
Maienweg,,,,way
Mainaustrasse,,,,way
Malergasse,,,,way
Malvenstrasse,,,,way
Malzstrasse,,,,way
Mannshäuliweg,,,,way
Marbachweg,,,,way
Marchwartstrasse,,,,way
Marderstrasse,,,,way
Marienstrasse,,,,way
Marktgasse,,,,way
"Marktplatz Oerlikon",,,,way
Markusstrasse,,,,way
Marmorgasse,,,,relation
Marstallweg,,,,way
Martinstrasse,,,,way
Maschinenstrasse,,,,way
Massholderweg,,,,way
Mathysweg,,,,way
Mattackerstrasse,,,,way
Mattengasse,,,,way
Mattenhof,,,,way
Mattensteg,,,,way
Medikerweg,,,,way
Meierhofplatz,,,,way
Meierholzstrasse,,,,way
Meierwiesenstrasse,,,,way
Meierwiesenweg,,,,way
Meisenweg,,,,way
Metzgergasse,,,,way
Metzgerwegli,,,,way
Micafilstrasse,,,,way
Milchbuckstrasse,,,,way
Militärbrücke,,,,way
Militärstrasse,,,,relation
Mimosenstrasse,,,,way
"Minigolf Hard",,,,way
"Minigolf Sperletwies",,,,way
"Miranda Graf Weg",,,,way
Mittagweg,,,,way
Mittelbergsteig,,,,way
Mittelstrasse,,,,way
Mittelwaldstrasse,,,,way
Möhrlistrasse,,,,way
Molkenstrasse,,,,relation
Moosacker,,,,way
Moosgutstrasse,,,,way
Moosholzstrasse,,,,way
Mööslistrasse,,,,way
Moosstrasse,,,,way
Moränenstrasse,,,,way
Morgartenstrasse,,,,way
Morgentalstrasse,,,,way
Morgenweg,,,,way
Mösliweg,,,,way
Motorenstrasse,,,,way
Muggenbühlerhölzliweg,,,,way
Muggenbühlstrasse,,,,way
Mühlackerstrasse,,,,way
Mühlackerweg,,,,way
Mühlegasse,,,,way
Mühlehalde,,,,way
Mühlehaldensteig,,,,way
Mühlesteg,,,,way
Mühleweg,,,,way
Mühlezelgstrasse,,,,relation
Müllerstrasse,,,,relation
Münchhaldenstrasse,,,,way
Münchsteig,,,,way
Münsterbrücke,,,,way
Münstergasse,,,,way
Münsterhof,,,,relation+way
Münzplatz,,,,way
Muraltengut,,,,way
Murhaldenweg,,,,way
Mürtschenstrasse,,,,way
Murwiesenstrasse,,,,way
Murwiesenweg,,,,way
Müseliweg,,,,way
Museumstrasse,,,,way
Mutschellenstrasse,,,,way
Mythenquai,,,,way
Nagelfluhweg,,,,way
Nägelistrasse,,,,way
Naglerwiesenstrasse,,,,way
Napfgasse,,,,way
Naphtastrasse,,,,way
Narzissenstrasse,,,,way
Nebelbachstrasse,,,,way
Neeserweg,,,,way
Nelkenstrasse,,,,way
Neudorfstrasse,,,,way
"Neue Hard",,,,way
"Neue Winterthurerstrasse",,,,way
"Neuer Salzweg",,,,way
Neufrankengasse,,,,relation
Neugasse,,,,way
Neugutstrasse,,,,way
Neuhausstrasse,,,,way
Neumarkt,,,,way
Neumühlequai,,,,way
Neunbrunnenstrasse,,,,way
Neustadtgasse,,,,way
Neuwiesenstrasse,,,,way
Nidelbadstrasse,,,,way
Niederdorfstrasse,,,,way
Niederhofenrain,,,,way
Nietengasse,,,,relation
Niklausstrasse,,,,way
Norastrasse,,,,way
Nordbrücke,,,,way
Nordheimstrasse,,,,way
Nordsteig,,,,way
Nordstrasse,,,,way
Notzenschürlistrasse,,,,way
Nötzlistrasse,,,,way
Nürenbergstrasse,,,,way
Nürenbergweg,,,,way
Nüschelersteg,,,,way
Nüschelerstrasse,,,,way
Nussbaumstrasse,,,,way
Nussgasse,,,,way
"Ober Betentalweg",,,,way
Oberdorfstrasse,,,,way
"Obere Bläsistrasse",,,,way
"Obere Waidstrasse",,,,way
"Obere Weiherstrasse",,,,way
"Obere Zäune",,,,way
"Oberer Bodenweg",,,,way
"Oberer Brandweg",,,,way
"Oberer Gloriasteig",,,,way
"Oberer Heuelsteig",,,,way
"Oberer Kalberhauweg",,,,way
"Oberer Selnauweg",,,,way
"Oberes Hohmoos",,,,way
Oberholzstrasse,,,,way
Oberleestrasse,,,,way
Oberscheunenweg,,,,way
Oberwiesenstrasse,,,,way
Obmannamtsgasse,,,,way
Obstgartensteig,,,,way
Obstgartenstrasse,,,,way
Obsthaldenstrasse,,,,way
Obsthaldenweg,,,,way
Oerlikerpark,,,,way
Oerlikonerstrasse,,,,way
Oetenbacherholz,,,,way
Oetenbacherholzstrasse,,,,way
Oetenbachgasse,,,,way
Oetlisbergstrasse,,,,way
Oetlisbergweg,,,,way
Oleanderstrasse,,,,way
Olgaweg,,,,way
Olivengasse,,,,way
Opfikonstrasse,,,,way
Opfikonweg,,,,way
Ostbühlstrasse,,,,way
Othmarstrasse,,,,way
Ottenbergstrasse,,,,way
Ottenbühlweg,,,,way
Ottenweg,,,,way
Ottikerstrasse,,,,way
Ottikerweg,,,,way
Ottostrasse,,,,way
Panoramaweg,,,,way
Panther-Anlage,,,,way
Panweg,,,,way
Pappelstrasse,,,,way
Paradeplatz,,,,relation
Paradiesstrasse,,,,way
"Park Museum für Gestaltung",,,,way
Parkring,,,,way
Passage,,,,way
"Passage Bahnhofstrasse",,,,relation
"Passage Gessnerallee",,,,relation
"Passage Löwenstrasse",,,,relation
"Passage Sihlquai",,,,way
"Passerelle Gleisbogen",,,,way
"Passerelle Haspelsteg",,,,way
Patumbah-Park,,,,way
Pelikanplatz,,,,way
Pelikanstrasse,,,,way
Peterstobelstrasse,,,,way
Peterstobelweg,,,,way
Pfadiweg,,,,way
Pfaffhauserweg,,,,way
Pfalzgasse,,,,way
Pfarrhausstrasse,,,,way
Pfarrweg,,,,way
Pfingstweid,,,,way
Pfingstweidbrücke,,,,way
Pfingstweidpark,,,,way
Pfingstweidstrasse,,,,way
Pfirsichstrasse,,,,way
Pflanzschulstrasse,,,,relation
Pflaumenweg,,,,way
Pflugstrasse,,,,way
Phönixweg,,,,way
Physikstrasse,,,,way
Piccoloweg,,,,way
Pilatusstrasse,,,,way
Pilgerweg,,,,way
Platanenhof,,,,way
Plätschweg,,,,way
Plattenholzweg,,,,way
Plattenstrasse,,,,way
Platzpromenade,,,,way
Plaza,,,,relation
Plenterweg,,,,way
Pocketplatz,,,,way
Polenweg,,,,way
Polyterrasse,,,,way
Postbrücke,,,,way
Poststrasse,,,,way
Predigergasse,,,,way
Predigerplatz,,,,way
Preyergasse,,,,way
Primelstrasse,,,,way
Probsteistrasse,,,,way
Probusweg,,,,way
Promenadengasse,,,,way
"Pumptrack Bikepark Zürich",,,,way
"Pumptrack Zürich Allmend",,,,way
Püntstrasse,,,,way
Quadroplatz,,,,way
Quaibrücke,,,,way
"Quartierpark Berghalden",,,,way
"Quartierpark Rosengarten",,,,way
Quarzstrasse,,,,way
Quellenstrasse,,,,way
Querstrasse,,,,way
Quittenstrasse,,,,way
Räffelstrasse,,,,way
Rainacherweg,,,,way
Rainfussweg,,,,way
Rainriegelweg,,,,way
Rainstrasse,,,,way
Raintobelweg,,,,way
Rämistrasse,,,,way
Rankstrasse,,,,way
Rässlerweg,,,,way
"Rastplatz Büsisee Nord",,,,way
"Rastplatz Büsisee Süd",,,,way
Räuberweg,,,,way
Rautihalde,,,,way
Rautistrasse,,,,way
Rebbergsteig,,,,way
Rebbergstrasse,,,,way
Rebeggstrasse,,,,way
Rebeggweg,,,,way
Rebenstrasse,,,,way
Rebenweg,,,,way
Rebgasse,,,,relation
Rebhaldenstrasse,,,,way
Rebhügelstrasse,,,,relation
Rebhüsliweg,,,,way
Rebstockweg,,,,way
Reckenholzstrasse,,,,way
Reckenholzweg,,,,way
Regensbergbrücke,,,,way
Regensbergstrasse,,,,way
Regensdorferstrasse,,,,way
Reginastrasse,,,,way
Rehalpstrasse,,,,relation
Rehgässchen,,,,way
Reishauerstrasse,,,,way
Reitergasse,,,,relation
Reitgasse,,,,way
Reitweg,,,,way
Rellstabstrasse,,,,way
Rellstabweg,,,,way
Remisenstrasse,,,,way
Rennweg,,,,way
Resedastrasse,,,,way
Reservoirweg,,,,way
Restelbergstrasse,,,,way
Rickenstrasse,,,,way
Riedackerstrasse,,,,way
Riedenhaldensteig,,,,way
Riedenhaldenstrasse,,,,way
Riedenholzstrasse,,,,way
Riedenholzweg,,,,way
Riedgrabenweg,,,,way
Riedhoferrain,,,,way
Riedhofstrasse,,,,way
Riedhofweg,,,,way
Riedmattstrasse,,,,way
Riedtlistrasse,,,,way
Riedweg,,,,way
Rieterpark,,,,way
Rieterstrasse,,,,way
Rigiplatz,,,,way
Rigiplatzanlage,,,,way
Rigistrasse,,,,way
Rindermarkt,,,,way
Ringstrasse,,,,way
Rislingstrasse,,,,way
Risweg,,,,way
Rodungsweg,,,,way
Roggenstrasse,,,,way
Röhrenweg,,,,way
Rolandstrasse,,,,relation
Rollengasse,,,,way
Rolliweg,,,,way
Römergasse,,,,way
Römerhofplatz,,,,way
Römerholzstrasse,,,,way
Röschibachplatz,,,,way
Röschibachsteig,,,,way
Röschibachstrasse,,,,way
Röschibachweg,,,,way
Rosenbühlstrasse,,,,way
Rosengartenbrücke,,,,way
Rosengartenstrasse,,,,way
Rosengasse,,,,way
Rosenhof,,,,way
Röslibrunnenweg,,,,way
Röslistrasse,,,,way
Rosmarinweg,,,,way
Rossackerstrasse,,,,way
Rossbergstrasse,,,,way
Rosshalde,,,,way
Rosshauweg,,,,way
Rössligasse,,,,way
Roswiesenstrasse,,,,way
Rotbuchstrasse,,,,way
Rötelsteig,,,,way
Rötelstrasse,,,,way
Rotwandstrasse,,,,relation
Rübenweg,,,,way
Ruchackerstrasse,,,,way
Rückgasse,,,,way
Rüdenplatz,,,,way
Rudenzweg,,,,way
Rudolfstrasse,,,,way
Ruggernweg,,,,way
Ruhestrasse,,,,way
Rümlangstrasse,,,,way
Rumpelhaldensteig,,,,way
Rumpelhaldenweg,,,,way
Rumpumpsteig,,,,way
Rundweg,,,,way
Russenbrünnelistrasse,,,,way
Russenweg,,,,way
Rüteliweg,,,,way
Rütihofstrasse,,,,way
Rütihofweg,,,,way
Rütistrasse,,,,way
Rütiweg,,,,way
Rütiwiesweg,,,,relation
Saatlenfussweg,,,,way
Saatlenstrasse,,,,way
Saatlenzelg,,,,way
Sackzelg,,,,way
Sädleneggweg,,,,way
Sädlenweg,,,,way
Saffa-Insel,,,,way
Sagentobelbachweg,,,,way
Sagentobelstrasse,,,,way
Sagentobelweg,,,,way
Salersteig,,,,way
Salerstrasse,,,,way
Sallenbachstrasse,,,,way
Salzweg,,,,way
Samariterstrasse,,,,way
Sandacker,,,,way
Sandstrasse,,,,way
Saumackerstrasse,,,,way
Saumstrasse,,,,way
Savera-Areal,,,,way
Schäferweg,,,,way
Schaffhauserstrasse,,,,relation+way
Schafmattstrasse,,,,way
Schafmattweg,,,,way
Schanzackerstrasse,,,,way
Schanzeneggstrasse,,,,way
Schanzengasse,,,,way
Schanzengrabenpromenade,,,,way
Schäracher,,,,way
Schärenfeld,,,,way
Schärenmoosstrasse,,,,way
Schärenmooswiese,,,,way
Schauenbergstrasse,,,,way
Scheibenrain,,,,way
Scheideggstrasse,,,,way
Scheuchzerstrasse,,,,way
Schienengasse,,,,relation
Schienhutgasse,,,,way
Schiffbauplatz,,,,way
Schiffbaustrasse,,,,way
Schifflände,,,,way
Schiffländeplatz,,,,way
Schiffliwiesenweg,,,,way
Schimmelstrasse,,,,way
Schindlergut,,,,way
Schipfe,,,,way
Schlehdornweg,,,,way
Schlierenberg,,,,way
Schlossergasse,,,,way
Schlossgasse,,,,way
Schlössliareal,,,,way
Schlösslistrasse,,,,way
Schlössliweg,,,,way
Schlugenweg,,,,way
Schluhenweg,,,,way
Schlüsselgasse,,,,way
Schmelzbergstrasse,,,,way
Schmidhofgasse,,,,way
Schneckenmannstrasse,,,,way
Schneebelistrasse,,,,way
Schneebeliweg,,,,way
Schneeglöggliweg,,,,way
Schneggengasse,,,,way
Schoffelgasse,,,,way
Schönauring,,,,way
Schönauweg,,,,way
Schönberggasse,,,,way
Schönbühlstrasse,,,,way
Schöneggplatz,,,,way
Schöneggstrasse,,,,relation
Schöneichstrasse,,,,way
Schöntalstrasse,,,,way
Schörli-Grünzug,,,,way
Schreinerstrasse,,,,relation
Schrennengasse,,,,way
Schulerweg,,,,way
Schulhausstrasse,,,,way
Schulsteig,,,,way
Schulstrasse,,,,way
Schuppisstrasse,,,,way
Schürbungert,,,,way
Schürgistrasse,,,,way
Schürliweg,,,,way
Schürwies,,,,way
"Schütze Passage",,,,way
Schütze-Areal,,,,way
Schützengasse,,,,way
Schützenmatt,,,,way
Schützenrain,,,,way
Schützenrütiweg,,,,way
Schützenstrasse,,,,way
Schwalbenweg,,,,way
Schwamendingenstrasse,,,,way
Schwamendingerplatz,,,,way
Schwandenacker,,,,way
Schwandenholzstrasse,,,,relation+way
Schwandenwiesen,,,,way
Schwanengasse,,,,way
Schwarzbächlistrasse,,,,way
Schwarzenbachweg,,,,way
Schweighofstrasse,,,,relation+way
Schweigmatt,,,,way
Schweizergasse,,,,way
Schweizerhofgasse,,,,way
Schwellistrasse,,,,way
Schwendenholzweg,,,,way
Schwendenweg,,,,way
Schwertstrasse,,,,way
Schwertweg,,,,way
Schwingerstrasse,,,,way
Seebacherstrasse,,,,way
Seebahnstrasse,,,,relation+way
Seeblickstrasse,,,,way
Seeblickweg,,,,way
Seeburgpark,,,,way
Seefeldquai,,,,way
Seefeldstrasse,,,,way
Seegartenstrasse,,,,way
Seehofstrasse,,,,way
Seeholzweg,,,,way
Seerosenstrasse,,,,way
Seestrasse,,,,way
Seewiesenstrasse,,,,way
Segetenweg,,,,way
Seidengasse,,,,way
Seil,,,,way
Seiler-Gässli,,,,way
Seilergraben,,,,way
Selnaubrücke,,,,way
Selnaustrasse,,,,relation+way
Seminarstrasse,,,,way
Sempacherstrasse,,,,way
Serpentinweg,,,,way
Siegfriedstrasse,,,,way
Signaustrasse,,,,way
Sihlamtsstrasse,,,,relation
Sihlberg,,,,way
Sihlfeldstrasse,,,,way
Sihlhallenstrasse,,,,relation
Sihlhochstrasse,,,,way
Sihlhölzlibrücke,,,,way
Sihlhölzlistrasse,,,,way
Sihlporte,,,,way
Sihlpostgasse,,,,way
Sihlpromenade,,,,way
Sihlquai,,,,way
Sihlquai-Nordrampe,,,,way
Sihlquai-Südrampe,,,,way
Sihlrainstrasse,,,,way
Sihlweidstrasse,,,,way
Sillerweg,,,,way
Sillerwies,,,,way
Silvrettaweg,,,,way
Siriusstrasse,,,,way
Soldanellastrasse,,,,way
Solisweg,,,,way
Sommerauweg,,,,way
Sonderistrasse,,,,way
Sonneggsteig,,,,way
Sonneggstrasse,,,,way
Sonnenberghölzliweg,,,,way
Sonnenbergstrasse,,,,way
Sonnenbühl,,,,way
Sonnenrain,,,,way
Sonnenweg,,,,way
Sonnhaldenstrasse,,,,way
Sonntagsteig,,,,way
Soodstrasse,,,,way
Sophienstrasse,,,,way
"Soul Bridge",,,,way
Spalierweg,,,,way
Spanweidstrasse,,,,way
Spatenstrasse,,,,way
Spatzenweg,,,,way
Spechtweg,,,,way
Speerstrasse,,,,way
Speicherweg,,,,way
Sperletweg,,,,way
Spiegelgasse,,,,way
Spiegelhofstrasse,,,,way
Spielweg,,,,way
"Spielwiese Basteiplatz",,,,way
Spielwiesenstrasse,,,,way
Spillmannweg,,,,way
Spindelstrasse,,,,way
Spinnereiplatz,,,,way
Spirgartenstrasse,,,,way
Spiserstrasse,,,,way
Spitalbachweg,,,,way
Spitalgasse,,,,way
Spitzackerstrasse,,,,way
Splügenstrasse,,,,way
"Sportanlage Utogrund",,,,way
Sportweg,,,,way
Sprecherstrasse,,,,way
Sprensenbühlstrasse,,,,way
Spulenbrücke,,,,way
Spulenweg,,,,way
"St. Jakobstrasse",,,,relation
"St. Moritzstrasse",,,,way
"St. Peterhofstatt",,,,way
"St. Peterstrasse",,,,way
"St. Urbangasse",,,,way
Stadelhoferpassage,,,,way
Stadelhoferplatz,,,,way
Stadelhoferstrasse,,,,way
Stadthausanlage,,,,way
Stadthausquai,,,,way
"Stadtoase VGZ",,,,way
Stadtweg,,,,way
Staffelhof,,,,way
Staffelstrasse,,,,way
Stampfenbachplatz,,,,way
Stampfenbachstrasse,,,,way
Stampfenbrunnenstrasse,,,,way
Standardstrasse,,,,way
Stapferstrasse,,,,way
Starengasse,,,,way
Stationsstrasse,,,,way
Staudenbühlstrasse,,,,way
Staudenbühlweg,,,,way
Staudenweg,,,,way
Stegengasse,,,,way
Steigholzweg,,,,way
Steinackerweg,,,,way
Steinbockgasse,,,,way
Steinentischstrasse,,,,way
Steinfelsplatz,,,,way
Steinhaldenstrasse,,,,way
Steinhausweg,,,,way
Steinhof,,,,way
Steinkluppenweg,,,,way
Steinmühlegasse,,,,way
Steinmühleplatz,,,,way
Steinstrasse,,,,way
Steinwiesenweg,,,,way
Steinwiesplatz,,,,way
Steinwiesstrasse,,,,way
Stelzenstrasse,,,,way
Sternenstrasse,,,,way
Sternwartstrasse,,,,way
Stettbacherrain,,,,way
Stettbachstrasse,,,,way
Stettbachweg,,,,way
Stierliweg,,,,way
Stiglenstrasse,,,,way
Stöckenackerstrasse,,,,way
Stöckengasse,,,,way
Stöckenhaldenweg,,,,way
Stöckentobelstrasse,,,,way
Stöckentobelweg,,,,way
Stöckenweg,,,,way
Stockenwiesweg,,,,way
Stoffelstrasse,,,,way
Stolzewiese,,,,way
Storchengasse,,,,way
Stotzstrasse,,,,way
Stotzweg,,,,way
Strandbadweg,,,,way
Strassburgstrasse,,,,way
Strehlgasse,,,,way
Streitholzstrasse,,,,way
Strickhofstrasse,,,,way
Studackerstrasse,,,,way
Stüdliweg,,,,way
Südstrasse,,,,way
Sumatrasteig,,,,way
Sumatrastrasse,,,,way
"Sunnige Hof",,,,way
Susenbergstrasse,,,,way
Süsslerenstrasse,,,,way
Süsslerenweg,,,,way
Synagogengasse,,,,way
Talacker,,,,way
Talbächliweg,,,,way
Talchernsteig,,,,way
Talchernstrasse,,,,way
Talstrasse,,,,way
Talweg,,,,way
Talwiesenstrasse,,,,way
Tambourenweg,,,,way
Tannenrain,,,,way
Tannenrauchstrasse,,,,way
Tannenstrasse,,,,way
Tannenweg,,,,way
Tanzbodenstrasse,,,,way
Taubenschlag,,,,way
Technoparkstrasse,,,,way
Tessinerplatz,,,,way
"Testanlage für Staudenmischpflanzungen",,,,way
Teufwiesenstrasse,,,,way
Theaterstrasse,,,,way
Thermengasse,,,,way
Thujastrasse,,,,way
Thurwiesenstrasse,,,,way
Tiefenhöfe,,,,way
Tischlerweg,,,,way
Titlisstrasse,,,,way
Tobeleggstrasse,,,,way
Tobeleggweg,,,,way
Tobelhofstrasse,,,,way
Tobelholzweg,,,,way
Töbeliweg,,,,way
Tobelsteig,,,,way
Tödistrasse,,,,way
Töpferstrasse,,,,way
Torgasse,,,,way
Traktorenstrasse,,,,way
"Trampfelpfad Ost",,,,way
Tramstrasse,,,,way
Traubenstrasse,,,,way
Traugottstrasse,,,,way
"Treppe Tiefgarage",,,,way
"Treppe Tiegarage",,,,way
Trichtenhausenfussweg,,,,way
Trichtenhausenstrasse,,,,way
Trichtisalweg,,,,way
Triemlifussweg,,,,way
Triemlihalde,,,,way
Triemlistrasse,,,,relation+way
Triemlitrail,,,,way
Trittligasse,,,,way
Trottenstrasse,,,,way
Trottweg,,,,way
Tuchmacherstrasse,,,,way
Tüffenwies,,,,way
Tuggenerstrasse,,,,way
Tuggenerweg,,,,way
Tulpenstrasse,,,,way
Tulpenweg,,,,way
"Tunnel Langstrasse",,,,way
Tunnelstrasse,,,,way
Turbinenplatz,,,,relation
Turbinenstrasse,,,,way
Turmstrasse,,,,way
Turnersteig,,,,way
Turnerstrasse,,,,way
Tuschgenweg,,,,way
"USZ Staff access",,,,way
Ueberlandstrasse,,,,way
Uetliberg,,,,way
Uetlibergtunnel,,,,way
Ulmbergstrasse,,,,way
Ulmbergtunnel,,,,way
Ulmenweg,,,,way
Ulrichstrasse,,,,way
Unionstrasse,,,,way
"Unter Betentalweg",,,,way
"Untere Zäune",,,,way
"Unterer Kalberhauweg",,,,way
"Unterer Pfaffhauserweg",,,,way
"Unterer Selnauweg",,,,way
Unterfeldstrasse,,,,way
Untergraben,,,,way
Unterholzstrasse,,,,way
Unterholzweg,,,,way
Untermoosstrasse,,,,way
Unterwerkstrasse,,,,way
Urselweg,,,,way
"Uto Kulm",,,,relation
Utobrücke,,,,way
Utoplatz,,,,way
Utoquai,,,,way
Vega-Strasse,,,,way
Veilchenstrasse,,,,way
Velotunnel,,,,way
Verrucanoweg,,,,way
Vetterliweg,,,,way
Viaduktstrasse,,,,way
"Villa Bleuler",,,,way
"Villa Hohenbühl",,,,way
Vogelsangstrasse,,,,way
Vogtsrain,,,,way
Vorderberg,,,,way
Vorhaldenstrasse,,,,way
Vulkanplatz,,,,way
Vulkanstrasse,,,,way
Waaggasse,,,,way
Wachtelstrasse,,,,way
Waffenplatzstrasse,,,,relation+way
Wagnergasse,,,,way
Waidbadstrasse,,,,way
Waidbergweg,,,,way
Waidfussweg,,,,way
Waidhofweg,,,,way
Waidmattweg,,,,way
Waidstrasse,,,,way
Waisenhausstrasse,,,,way
Walchebrücke,,,,way
Walcheplatz,,,,way
Walchestrasse,,,,way
Walchetor,,,,way
Walchetreppe,,,,way
Waldeggweg,,,,way
Waldgartenstrasse,,,,way
Waldgartenweg,,,,way
Waldhausstrasse,,,,way
Waldhüslistrasse,,,,way
Waldkauzweg,,,,way
"Waldlehrpfad Adlisberg",,,,way
Wäldlistrasse,,,,way
Waldmeisterweg,,,,way
Waldschulweg,,,,way
Waldstrasse,,,,way
Wallisackerweg,,,,way
Wallisellenstrasse,,,,way
Waltersbachstrasse,,,,way
Waltersteig,,,,way
Wannenholzstrasse,,,,way
Wannenweg,,,,way
Wartauweg,,,,way
Wartstrasse,,,,way
Waschhausweg,,,,way
Wässerlingweg,,,,way
Wasserschöpfi,,,,way
Wasserwerkstrasse,,,,way
Wechselwiesenstrasse,,,,way
Wegackerstrasse,,,,way
Weggengasse,,,,way
Wehntalerstrasse,,,,way
Wehrenbachhalde,,,,way
Weibelackerstrasse,,,,way
Weibelackerweg,,,,way
Weichengasse,,,,way
Weiherholzstrasse,,,,way
Weihersteig,,,,way
Weinbergfussweg,,,,way
Weinbergpark,,,,way
Weinbergstrasse,,,,way
Weineggstrasse,,,,way
Weineggweg,,,,way
Weingartenweg,,,,way
Weingasse,,,,way
Weinplatz,,,,way
Weisshau,,,,way
"Weite Gasse",,,,way
Weizenstrasse,,,,way
Werdgartengasse,,,,way
Werdgässchen,,,,way
Werdhölzlistrasse,,,,way
Werdinsel,,,,way
Werdmühleplatz,,,,relation+way
Werdmühlestrasse,,,,way
Werdplatz,,,,way
Werdstrasse,,,,relation+way
Werikonweg,,,,way
Werkgasse,,,,way
Westbühlstrasse,,,,way
Wetlistrasse,,,,way
Wettingerwies,,,,way
Wickenweg,,,,way
Widdergasse,,,,way
Widumweg,,,,way
Wiesenstrasse,,,,way
Wieslergasse,,,,relation
Wiesliacher,,,,way
Wildbachstrasse,,,,way
Wildenstrasse,,,,way
Wildenweg,,,,way
Wildfangweg,,,,way
Winkelstrasse,,,,way
Winkelwiese,,,,way
Winzerhalde,,,,way
Winzerstrasse,,,,way
Wipkingerbrücke,,,,way
Wirzenweid,,,,way
Witellikerstrasse,,,,way
Witikonerstrasse,,,,way
Wohllebgasse,,,,way
Wolfbachstrasse,,,,way
Wolfbachtobelweg,,,,way
Wolfswinkel,,,,way
Wollishofen,,,,way
"Wollishofen (See)",,,,way
Wollishoferplatz,,,,way
Wonnebergstrasse,,,,way
Wühre,,,,way
Wuhrstrasse,,,,way
Würzgrabenstrasse,,,,way
Würzwies,,,,way
Wydäckerring,,,,way
Wydenstrasse,,,,relation
Wydlerweg,,,,way
Wyssenbühlsteig,,,,way
Zahnradstrasse,,,,way
Zapfensteig,,,,way
Zederstrasse,,,,way
Zehntenhausplatz,,,,way
Zehntenhausstrasse,,,,way
Zeisigweg,,,,way
Zelghalde,,,,way
Zelglistrasse,,,,way
Zelgmatt,,,,way
Zelgstrasse,,,,way
Zelgwiesenstrasse,,,,way
Zeltweg,,,,way
Zentralhof,,,,way
Zentralstrasse,,,,way
Zeppelinstrasse,,,,way
Zeughausstrasse,,,,relation
Zeugwartgasse,,,,way
Ziegeleiweg,,,,way
Ziegelhüttenstrasse,,,,way
Ziegelstrasse,,,,way
Zielackerstrasse,,,,way
Zielweg,,,,way
Zimmergasse,,,,way
Zinnengasse,,,,way
Zollbrücke,,,,way
Zollstrasse,,,,way
Zooweg,,,,way
"Zufahrt Rampe 18",,,,way
"Zugang Berninastrasse - Ausgang B",,,,way
"Zugang Berninastrasse, Binzwiesenstrasse, Winterthurerstrasse - Augang B",,,,way
"Zugang Schwamendingerstrasse, Riedgrabenweg - Ausgang B",,,,way
"Zugang runter Schwamendingerstrasse, Riedgrabenweg - Ausgang B",,,,way
Züghusplatz,,,,way
"Zum Sillerblick",,,,way
"Zur frohen Aussicht",,,,way
Zürcherstrasse,,,,way
Züri-Fussweg,,,,way
"Zürich Süd",,,,way
Zürichbergstrasse,,,,way
Zürichholzstrasse,,,,way
Zürichstrasse,,,,way
Zürichweg,,,,way
Zurlindenstrasse,,,,way
Zwängiweg,,,,way
Zweiackerstrasse,,,,way
Zweierstrasse,,,,relation+way
Zwidenweg,,,,way
Zwielplatz,,,,way
Zwirnerhalde,,,,way
Zwirnerstrasse,,,,way
"Zwischen den Hölzern",,,,way
Zwischenbächen,,,,way
Zwischengeschoss,,,,relation
Zypressenstrasse,,,,way
